airline,date_of_journey,source,destination,dep_time,arrival_time,duration,total_stops,additional_info,price
Jet Airways,2019-05-06,Kolkata,Banglore,08:25:00,18:15:00,590,1.0,In-flight meal not included,10844
Air India,2019-03-01,Banglore,New Delhi,05:50:00,08:50:00,1620,3.0,No Info,13081
Indigo,2019-03-06,Delhi,Cochin,18:35:00,01:35:00,420,1.0,No Info,14871
Air India,2019-03-24,Kolkata,Banglore,07:00:00,10:00:00,1620,2.0,No Info,11491
Air India,2019-04-06,Kolkata,Banglore,20:45:00,23:20:00,155,0.0,No Info,4460
Indigo,2019-05-01,Delhi,Cochin,07:30:00,21:00:00,810,1.0,No Info,8542
Jet Airways,2019-06-09,Delhi,Cochin,11:00:00,14:15:00,195,0.0,No Info,9564
Vistara,2019-05-06,Kolkata,Banglore,17:00:00,09:05:00,965,1.0,No Info,8137
Indigo,2019-06-15,Mumbai,Hyderabad,09:10:00,10:40:00,90,0.0,No Info,4049
Jet Airways,2019-05-15,Kolkata,Banglore,06:30:00,23:35:00,1025,1.0,In-flight meal not included,8586
Indigo,2019-03-03,Delhi,Cochin,07:20:00,12:30:00,310,1.0,No Info,12214
Jet Airways,2019-05-18,Delhi,Cochin,09:40:00,04:25:00,1125,2.0,No Info,15129
Jet Airways,2019-05-21,Kolkata,Banglore,08:25:00,08:15:00,1430,1.0,No Info,13941
Jet Airways,2019-05-06,Kolkata,Banglore,14:05:00,20:45:00,400,1.0,In-flight meal not included,9663
Spicejet,2019-05-12,Kolkata,Banglore,15:55:00,21:25:00,330,1.0,No Info,8844
Jet Airways,2019-06-15,Delhi,Cochin,11:40:00,19:00:00,440,2.0,In-flight meal not included,15812
Jet Airways,2019-05-01,Kolkata,Banglore,17:00:00,23:35:00,395,1.0,In-flight meal not included,12384
Indigo,2019-05-21,Delhi,Cochin,09:15:00,01:30:00,975,1.0,No Info,7318
Vistara,2019-05-15,Banglore,Delhi,17:00:00,19:35:00,155,0.0,No Info,4878
Jet Airways,2019-03-21,Delhi,Cochin,16:00:00,18:50:00,1610,1.0,No Info,12557
Spicejet,2019-04-18,Kolkata,Banglore,22:20:00,00:40:00,140,0.0,No Info,4174
Indigo,2019-04-03,Banglore,Delhi,20:00:00,22:50:00,170,0.0,No Info,4823
Jet Airways,2019-05-12,Kolkata,Banglore,08:25:00,20:45:00,740,1.0,No Info,14781
Jet Airways,2019-05-09,Kolkata,Banglore,16:30:00,23:35:00,425,1.0,No Info,14781
Jet Airways,2019-05-15,Kolkata,Banglore,18:55:00,19:50:00,1495,1.0,In-flight meal not included,10844
Indigo,2019-06-09,Mumbai,Hyderabad,16:55:00,18:25:00,90,0.0,No Info,3175
Goair,2019-03-03,Banglore,New Delhi,15:45:00,20:15:00,270,1.0,No Info,8352
Spicejet,2019-06-12,Kolkata,Banglore,11:35:00,18:50:00,435,1.0,No Info,8479
Jet Airways,2019-05-27,Delhi,Cochin,05:30:00,19:00:00,810,2.0,In-flight meal not included,13029
Jet Airways,2019-03-06,Delhi,Cochin,16:00:00,19:45:00,1665,1.0,No Info,17024
Jet Airways,2019-03-24,Kolkata,Banglore,19:45:00,23:25:00,1660,1.0,In-flight meal not included,10031
Jet Airways,2019-04-09,Delhi,Cochin,09:40:00,04:25:00,1125,2.0,No Info,10909
Air India,2019-05-09,Delhi,Cochin,07:05:00,07:40:00,1475,2.0,No Info,13547
Indigo,2019-06-27,Banglore,Delhi,07:10:00,10:05:00,175,0.0,No Info,4823
Jet Airways,2019-05-18,Delhi,Cochin,19:45:00,19:00:00,1395,1.0,In-flight meal not included,12373
Jet Airways,2019-06-03,Delhi,Cochin,19:45:00,04:25:00,520,1.0,No Info,14714
Multiple Carriers,2019-03-27,Delhi,Cochin,16:00:00,01:35:00,575,1.0,No Info,12327
Spicejet,2019-06-21,Banglore,Delhi,09:30:00,12:20:00,170,0.0,No Info,3625
Indigo,2019-06-12,Kolkata,Banglore,09:35:00,12:20:00,165,0.0,No Info,4804
Air India,2019-04-21,Delhi,Cochin,06:10:00,23:00:00,1010,1.0,No Info,7174
Indigo,2019-06-03,Banglore,Delhi,00:25:00,03:15:00,170,0.0,No Info,3943
Indigo,2019-04-12,Banglore,Delhi,10:10:00,13:00:00,170,0.0,No Info,4591
Indigo,2019-03-15,Chennai,Kolkata,13:20:00,15:35:00,135,0.0,No Info,6297
Spicejet,2019-03-15,Kolkata,Banglore,09:00:00,11:30:00,150,0.0,No check-in baggage included,3815
Jet Airways,2019-06-12,Delhi,Cochin,09:00:00,12:35:00,1655,1.0,In-flight meal not included,10262
Jet Airways,2019-05-27,Mumbai,Hyderabad,07:05:00,08:30:00,85,0.0,In-flight meal not included,4995
Jet Airways,2019-05-18,Delhi,Cochin,09:40:00,19:00:00,560,2.0,In-flight meal not included,13029
Indigo,2019-06-27,Chennai,Kolkata,07:55:00,10:15:00,140,0.0,No Info,3850
Indigo,2019-03-24,Banglore,New Delhi,00:40:00,03:25:00,165,0.0,No Info,4238
Jet Airways,2019-04-03,Banglore,Delhi,11:10:00,14:05:00,175,0.0,No Info,7229
Air Asia,2019-05-03,Kolkata,Banglore,19:55:00,22:25:00,150,0.0,No Info,5989
Multiple Carriers,2019-05-27,Delhi,Cochin,09:00:00,21:00:00,720,1.0,No Info,7618
Spicejet,2019-05-15,Banglore,Delhi,21:10:00,00:05:00,175,0.0,No Info,3625
Jet Airways,2019-03-15,Banglore,New Delhi,05:45:00,11:25:00,340,1.0,In-flight meal not included,9134
Spicejet,2019-06-18,Mumbai,Hyderabad,22:45:00,00:15:00,90,0.0,No check-in baggage included,1965
Vistara,2019-03-09,Banglore,New Delhi,16:10:00,18:50:00,160,0.0,No Info,7923
Indigo,2019-03-15,Kolkata,Banglore,05:30:00,08:20:00,170,0.0,No Info,4148
Jet Airways,2019-06-12,Delhi,Cochin,02:15:00,12:35:00,620,1.0,In-flight meal not included,10262
Indigo,2019-06-18,Mumbai,Hyderabad,02:35:00,04:05:00,90,0.0,No Info,2754
Jet Airways,2019-06-01,Banglore,Delhi,08:20:00,11:20:00,180,0.0,No Info,8016
Spicejet,2019-06-06,Mumbai,Hyderabad,05:45:00,07:15:00,90,0.0,No Info,2753
Jet Airways,2019-05-18,Delhi,Cochin,13:25:00,12:35:00,1390,2.0,No Info,15129
Jet Airways,2019-05-01,Kolkata,Banglore,20:25:00,21:05:00,1480,1.0,No Info,12121
Air India,2019-03-12,Banglore,New Delhi,08:50:00,13:55:00,1745,2.0,No Info,13303
Spicejet,2019-04-01,Delhi,Cochin,08:45:00,13:15:00,270,1.0,No Info,4812
Air India,2019-06-24,Delhi,Cochin,09:00:00,19:15:00,615,1.0,No Info,9404
Spicejet,2019-05-15,Banglore,Delhi,21:10:00,00:05:00,175,0.0,No check-in baggage included,3573
Indigo,2019-05-27,Banglore,Delhi,08:30:00,11:20:00,170,0.0,No Info,4823
Vistara,2019-06-18,Banglore,Delhi,11:30:00,14:20:00,170,0.0,No Info,4668
Jet Airways,2019-05-18,Delhi,Cochin,11:30:00,19:00:00,450,1.0,No Info,15554
Multiple Carriers,2019-03-21,Delhi,Cochin,06:40:00,18:50:00,730,1.0,No Info,13568
Spicejet,2019-05-09,Kolkata,Banglore,11:35:00,18:50:00,435,1.0,No Info,8479
Air India,2019-04-09,Banglore,Delhi,05:45:00,08:45:00,180,0.0,No Info,4441
Jet Airways,2019-03-21,Mumbai,Hyderabad,07:10:00,08:35:00,85,0.0,No Info,8040
Indigo,2019-04-06,Banglore,Delhi,13:00:00,15:50:00,170,0.0,No Info,4423
Multiple Carriers,2019-05-15,Delhi,Cochin,07:05:00,22:30:00,925,1.0,No Info,9646
Jet Airways,2019-05-21,Kolkata,Banglore,20:00:00,12:00:00,960,1.0,In-flight meal not included,10844
Indigo,2019-04-15,Banglore,Delhi,20:00:00,22:50:00,170,0.0,No Info,4823
Jet Airways,2019-05-09,Mumbai,Hyderabad,07:05:00,08:30:00,85,0.0,No Info,8040
Indigo,2019-04-03,Banglore,Delhi,08:30:00,11:20:00,170,0.0,No Info,4823
Vistara,2019-03-21,Chennai,Kolkata,07:05:00,09:20:00,135,0.0,No Info,3739
Air India,2019-05-27,Delhi,Cochin,12:20:00,19:15:00,1855,2.0,No Info,12488
Multiple Carriers,2019-06-06,Delhi,Cochin,17:45:00,01:30:00,465,1.0,No Info,6795
Indigo,2019-03-21,Delhi,Cochin,09:10:00,21:00:00,710,1.0,No Info,8285
Vistara,2019-04-01,Kolkata,Banglore,07:10:00,10:45:00,1655,1.0,No Info,8505
Jet Airways,2019-05-21,Delhi,Cochin,19:10:00,19:00:00,1430,2.0,No Info,15129
Multiple Carriers,2019-06-24,Delhi,Cochin,10:35:00,19:00:00,505,1.0,No Info,10678
Jet Airways,2019-05-18,Kolkata,Banglore,05:45:00,09:20:00,1655,1.0,No Info,14388
Vistara,2019-05-18,Banglore,Delhi,17:00:00,19:35:00,155,0.0,No Info,4878
Multiple Carriers,2019-06-24,Delhi,Cochin,15:00:00,01:30:00,630,1.0,No Info,13377
Indigo,2019-05-09,Banglore,Delhi,10:10:00,13:00:00,170,0.0,No Info,3943
Jet Airways,2019-04-18,Banglore,Delhi,06:00:00,08:45:00,165,0.0,No Info,7229
Multiple Carriers,2019-05-21,Delhi,Cochin,19:00:00,01:30:00,390,1.0,No Info,7485
Jet Airways,2019-06-09,Kolkata,Banglore,20:00:00,16:20:00,1220,1.0,No Info,14571
Indigo,2019-06-09,Mumbai,Hyderabad,12:00:00,13:30:00,90,0.0,No Info,2754
Jet Airways,2019-05-06,Kolkata,Banglore,18:55:00,16:20:00,1285,1.0,In-flight meal not included,7757
Jet Airways,2019-06-03,Delhi,Cochin,21:50:00,04:25:00,395,1.0,In-flight meal not included,12898
Indigo,2019-05-15,Kolkata,Banglore,21:00:00,02:15:00,315,1.0,No Info,7228
Jet Airways,2019-03-21,Banglore,New Delhi,22:50:00,11:25:00,755,1.0,In-flight meal not included,7832
Jet Airways,2019-05-09,Kolkata,Banglore,14:05:00,19:50:00,345,1.0,In-flight meal not included,10844
Indigo,2019-03-24,Banglore,New Delhi,21:20:00,00:15:00,175,0.0,No Info,4777
Indigo,2019-03-15,Banglore,New Delhi,08:30:00,11:30:00,180,0.0,No Info,6860
Air India,2019-05-09,Delhi,Cochin,09:45:00,23:00:00,795,1.0,No Info,7174
Vistara,2019-05-24,Kolkata,Banglore,20:20:00,20:20:00,1440,1.0,No Info,9345
Jet Airways,2019-03-06,Delhi,Cochin,13:00:00,18:50:00,350,1.0,No Info,17024
Jet Airways,2019-06-01,Delhi,Cochin,21:50:00,12:35:00,885,1.0,No Info,14714
Jet Airways,2019-05-12,Banglore,Delhi,15:15:00,18:10:00,175,0.0,No Info,7229
Air India,2019-05-01,Kolkata,Banglore,10:00:00,13:45:00,1665,2.0,No Info,15164
Goair,2019-06-06,Delhi,Cochin,14:25:00,19:35:00,310,1.0,No Info,7870
Air India,2019-06-06,Delhi,Cochin,05:55:00,19:15:00,800,2.0,No Info,10861
Air India,2019-05-21,Delhi,Cochin,14:05:00,17:55:00,230,0.0,No Info,6094
Multiple Carriers,2019-06-03,Delhi,Cochin,07:30:00,19:15:00,705,1.0,No Info,9736
Jet Airways,2019-05-21,Kolkata,Banglore,14:05:00,08:15:00,1090,1.0,No Info,14388
Jet Airways,2019-05-27,Banglore,Delhi,08:20:00,11:20:00,180,0.0,No Info,7229
Air India,2019-03-12,Mumbai,Hyderabad,16:50:00,12:25:00,1175,3.0,No Info,14260
Air Asia,2019-06-24,Kolkata,Banglore,22:50:00,01:20:00,150,0.0,No Info,3807
Vistara,2019-05-15,Kolkata,Banglore,07:10:00,20:20:00,790,1.0,No Info,8610
Spicejet,2019-06-03,Kolkata,Banglore,09:00:00,11:25:00,145,0.0,No Info,3873
Jet Airways,2019-06-06,Kolkata,Banglore,20:25:00,18:00:00,1295,1.0,No Info,12692
Jet Airways,2019-06-09,Delhi,Cochin,16:00:00,19:00:00,1620,1.0,In-flight meal not included,10577
Air India,2019-05-01,Kolkata,Banglore,10:00:00,16:15:00,375,1.0,No Info,10203
Jet Airways,2019-06-01,Delhi,Cochin,19:15:00,04:25:00,550,1.0,In-flight meal not included,10262
Air India,2019-05-27,Delhi,Cochin,09:45:00,23:00:00,795,1.0,No Info,8907
Indigo,2019-04-09,Delhi,Cochin,18:35:00,01:30:00,415,1.0,No Info,6573
Air India,2019-03-21,Delhi,Cochin,09:45:00,23:00:00,795,1.0,No Info,5704
Jet Airways,2019-05-21,Delhi,Cochin,14:00:00,12:35:00,1355,1.0,In-flight meal not included,12898
Multiple Carriers,2019-05-09,Delhi,Cochin,10:35:00,19:15:00,520,1.0,No Info,7575
Spicejet,2019-03-21,Banglore,New Delhi,10:20:00,18:15:00,475,1.0,No Info,7139
Indigo,2019-06-24,Delhi,Cochin,18:35:00,01:30:00,415,1.0,No Info,5883
Air India,2019-05-09,Delhi,Cochin,13:00:00,19:15:00,375,1.0,No Info,8372
Indigo,2019-05-06,Mumbai,Hyderabad,02:35:00,04:05:00,90,0.0,No Info,3342
Air India,2019-06-12,Kolkata,Banglore,12:00:00,07:55:00,1195,2.0,No Info,9416
Jet Airways,2019-05-06,Kolkata,Banglore,21:10:00,16:20:00,1150,1.0,No Info,13584
Jet Airways,2019-06-24,Delhi,Cochin,11:45:00,04:25:00,1000,2.0,No Info,13357
Air India,2019-06-12,Delhi,Cochin,05:10:00,08:00:00,170,0.0,No Info,5201
Indigo,2019-03-03,Delhi,Cochin,06:40:00,22:20:00,940,1.0,No Info,11600
Spicejet,2019-05-24,Banglore,Delhi,05:55:00,08:35:00,160,0.0,No check-in baggage included,3257
Multiple Carriers,2019-03-03,Delhi,Cochin,07:05:00,22:20:00,915,1.0,No Info,10478
Indigo,2019-03-03,Banglore,New Delhi,01:30:00,04:15:00,165,0.0,No Info,6144
Air India,2019-06-15,Delhi,Cochin,13:20:00,07:40:00,1100,2.0,No Info,12121
Indigo,2019-04-12,Banglore,Delhi,18:25:00,21:20:00,175,0.0,No Info,4990
Jet Airways,2019-03-06,Banglore,New Delhi,08:55:00,16:10:00,435,1.0,No Info,19225
Air India,2019-05-01,Kolkata,Banglore,17:30:00,13:45:00,1215,2.0,No Info,15164
Air India,2019-06-09,Delhi,Cochin,20:00:00,07:40:00,700,1.0,No Info,8372
Indigo,2019-06-09,Delhi,Cochin,11:25:00,21:00:00,575,1.0,No Info,6416
Indigo,2019-04-15,Kolkata,Banglore,22:15:00,00:50:00,155,0.0,No Info,4174
Indigo,2019-03-21,Delhi,Cochin,07:20:00,12:30:00,310,1.0,No Info,6388
Jet Airways,2019-05-09,Delhi,Cochin,19:30:00,12:35:00,1025,2.0,No Info,15129
Air India,2019-03-15,Banglore,New Delhi,06:10:00,08:55:00,165,0.0,No Info,7276
Jet Airways,2019-04-09,Banglore,Delhi,15:50:00,18:45:00,175,0.0,In-flight meal not included,4544
Jet Airways,2019-03-24,Kolkata,Banglore,19:45:00,04:45:00,540,1.0,No Info,13759
Jet Airways,2019-05-06,Banglore,Delhi,15:15:00,18:10:00,175,0.0,No Info,7229
Air India,2019-03-01,Banglore,New Delhi,05:50:00,12:15:00,1825,3.0,No Info,12346
Air India,2019-06-12,Banglore,Delhi,21:05:00,23:55:00,170,0.0,No Info,5228
Jet Airways,2019-06-09,Delhi,Cochin,19:30:00,04:25:00,535,2.0,No Info,13014
Air Asia,2019-05-15,Kolkata,Banglore,22:40:00,10:40:00,720,1.0,No Info,5192
Indigo,2019-05-18,Banglore,Delhi,23:30:00,02:20:00,170,0.0,No Info,4591
Jet Airways,2019-06-12,Kolkata,Banglore,14:05:00,20:45:00,400,1.0,No Info,13626
Jet Airways,2019-05-15,Kolkata,Banglore,16:30:00,04:40:00,730,1.0,In-flight meal not included,10844
Indigo,2019-04-03,Banglore,Delhi,00:30:00,03:25:00,175,0.0,No Info,3419
Multiple Carriers,2019-03-21,Delhi,Cochin,07:05:00,16:10:00,545,1.0,No Info,6717
Multiple Carriers,2019-06-27,Delhi,Cochin,19:00:00,01:30:00,390,1.0,No Info,6795
Air Asia,2019-03-21,Kolkata,Banglore,22:50:00,01:20:00,150,0.0,No Info,3782
Jet Airways,2019-03-06,Banglore,New Delhi,05:45:00,10:25:00,280,1.0,No Info,19225
Spicejet,2019-05-24,Kolkata,Banglore,15:55:00,21:25:00,330,1.0,No Info,7804
Multiple Carriers,2019-05-27,Delhi,Cochin,10:00:00,21:00:00,660,1.0,No Info,9718
Spicejet,2019-03-24,Banglore,New Delhi,09:35:00,12:30:00,175,0.0,No check-in baggage included,6205
Jet Airways,2019-05-06,Kolkata,Banglore,20:00:00,12:00:00,960,1.0,No Info,14388
Jet Airways,2019-03-21,Banglore,New Delhi,05:50:00,12:20:00,390,1.0,In-flight meal not included,6163
Vistara,2019-05-15,Kolkata,Banglore,17:00:00,10:45:00,1065,1.0,No Info,8452
Jet Airways,2019-03-12,Banglore,New Delhi,22:55:00,10:45:00,710,1.0,In-flight meal not included,11087
Air India,2019-03-03,Banglore,New Delhi,10:30:00,22:55:00,745,1.0,No Info,11003
Air Asia,2019-03-06,Kolkata,Banglore,22:50:00,01:20:00,150,0.0,No Info,4384
Multiple Carriers,2019-03-06,Delhi,Cochin,08:55:00,21:00:00,725,1.0,No Info,15147
Jet Airways,2019-06-24,Banglore,Delhi,15:15:00,18:10:00,175,0.0,In-flight meal not included,5769
Indigo,2019-06-06,Delhi,Cochin,06:40:00,21:00:00,860,1.0,No Info,6093
Spicejet,2019-06-15,Mumbai,Hyderabad,05:45:00,07:15:00,90,0.0,No check-in baggage included,2647
Jet Airways,2019-06-09,Delhi,Cochin,08:00:00,19:00:00,660,1.0,In-flight meal not included,10262
Air India,2019-06-24,Delhi,Cochin,10:55:00,19:15:00,500,2.0,No Info,11753
Jet Airways,2019-03-21,Banglore,New Delhi,18:40:00,11:25:00,1005,1.0,In-flight meal not included,7832
Goair,2019-06-27,Delhi,Cochin,07:25:00,13:35:00,370,1.0,No Info,4525
Jet Airways,2019-06-09,Delhi,Cochin,19:30:00,12:35:00,1025,2.0,In-flight meal not included,10368
Indigo,2019-05-21,Mumbai,Hyderabad,06:25:00,07:55:00,90,0.0,No Info,4049
Jet Airways,2019-04-06,Banglore,Delhi,19:50:00,22:50:00,180,0.0,No Info,7229
Spicejet,2019-05-27,Chennai,Kolkata,08:20:00,10:35:00,135,0.0,No check-in baggage included,3543
Jet Airways,2019-06-01,Delhi,Cochin,09:40:00,12:35:00,1615,2.0,No Info,13014
Jet Airways,2019-06-03,Delhi,Cochin,10:00:00,12:35:00,1595,1.0,In-flight meal not included,10262
Multiple Carriers,2019-05-18,Delhi,Cochin,11:40:00,19:00:00,440,1.0,No Info,10529
Air India,2019-05-27,Delhi,Cochin,09:00:00,19:15:00,615,1.0,No Info,9929
Jet Airways,2019-03-15,Banglore,New Delhi,05:45:00,15:15:00,570,1.0,In-flight meal not included,9134
Jet Airways,2019-06-09,Banglore,Delhi,15:15:00,18:10:00,175,0.0,No Info,8016
Jet Airways,2019-04-01,Mumbai,Hyderabad,19:35:00,21:05:00,90,0.0,No Info,5678
Jet Airways,2019-06-12,Kolkata,Banglore,18:55:00,20:45:00,1550,1.0,In-flight meal not included,8529
Air Asia,2019-04-24,Kolkata,Banglore,19:55:00,22:25:00,150,0.0,No Info,4107
Jet Airways,2019-03-21,Banglore,New Delhi,07:00:00,15:15:00,495,1.0,In-flight meal not included,7832
Spicejet,2019-05-06,Banglore,Delhi,09:30:00,12:20:00,170,0.0,No Info,3971
Jet Airways,2019-03-01,Banglore,New Delhi,07:00:00,13:15:00,375,1.0,No Info,26890
Indigo,2019-05-24,Banglore,Delhi,07:10:00,10:05:00,175,0.0,No Info,4823
Indigo,2019-05-18,Delhi,Cochin,06:50:00,22:30:00,940,1.0,No Info,7144
Jet Airways,2019-06-12,Delhi,Cochin,09:40:00,12:35:00,1615,2.0,In-flight meal not included,10368
Indigo,2019-03-03,Delhi,Cochin,14:30:00,17:35:00,185,0.0,No Info,7673
Air India,2019-04-15,Delhi,Cochin,05:10:00,08:00:00,170,0.0,No Info,6094
Jet Airways,2019-06-03,Delhi,Cochin,14:00:00,12:35:00,1355,1.0,In-flight meal not included,10262
Air India,2019-06-12,Kolkata,Banglore,09:50:00,23:15:00,805,2.0,No Info,14960
Jet Airways,2019-05-21,Banglore,Delhi,15:50:00,18:45:00,175,0.0,No Info,7229
Jet Airways,2019-06-06,Banglore,Delhi,06:00:00,08:45:00,165,0.0,No Info,8016
Multiple Carriers,2019-05-18,Delhi,Cochin,08:30:00,19:15:00,645,1.0,No Info,7887
Jet Airways,2019-05-06,Kolkata,Banglore,08:25:00,16:20:00,475,1.0,No Info,14781
Jet Airways,2019-03-21,Delhi,Cochin,07:05:00,04:25:00,1280,1.0,No Info,12767
Indigo,2019-06-18,Banglore,Delhi,08:30:00,11:20:00,170,0.0,No Info,4823
Indigo,2019-05-18,Delhi,Cochin,08:35:00,16:10:00,455,1.0,No Info,6442
Jet Airways,2019-05-06,Kolkata,Banglore,20:25:00,22:05:00,1540,1.0,In-flight meal not included,9314
Air India,2019-06-21,Mumbai,Hyderabad,13:55:00,15:25:00,90,0.0,No Info,3100
Jet Airways,2019-06-09,Kolkata,Banglore,18:55:00,08:15:00,800,1.0,In-flight meal not included,11841
Spicejet,2019-05-21,Mumbai,Hyderabad,13:15:00,14:45:00,90,0.0,No check-in baggage included,1965
Jet Airways,2019-05-09,Delhi,Cochin,09:35:00,12:35:00,1620,2.0,No Info,14657
Air India,2019-06-03,Delhi,Cochin,12:55:00,19:15:00,1820,2.0,No Info,12436
Jet Airways,2019-06-24,Delhi,Cochin,18:15:00,19:00:00,1485,1.0,In-flight meal not included,10262
Indigo,2019-03-24,Kolkata,Banglore,04:15:00,09:50:00,335,1.0,No Info,4150
Indigo,2019-05-18,Chennai,Kolkata,19:35:00,21:55:00,140,0.0,No Info,3597
Multiple Carriers,2019-05-21,Delhi,Cochin,10:20:00,01:30:00,910,1.0,No Info,7485
Spicejet,2019-06-03,Chennai,Kolkata,09:45:00,12:00:00,135,0.0,No check-in baggage included,3859
Indigo,2019-05-12,Mumbai,Hyderabad,20:05:00,21:40:00,95,0.0,No Info,2227
Jet Airways,2019-06-09,Delhi,Cochin,20:55:00,19:00:00,1325,1.0,No Info,14924
Indigo,2019-04-03,Banglore,Delhi,22:10:00,01:00:00,170,0.0,No Info,3943
Vistara,2019-05-18,Chennai,Kolkata,17:45:00,20:05:00,140,0.0,No Info,11982
Air India,2019-04-09,Delhi,Cochin,05:55:00,07:40:00,1545,2.0,No Info,10021
Air India,2019-05-18,Delhi,Cochin,13:20:00,07:40:00,1100,2.0,No Info,13801
Vistara,2019-05-24,Kolkata,Banglore,07:10:00,18:50:00,700,1.0,No Info,9555
Vistara,2019-05-15,Kolkata,Banglore,17:00:00,18:50:00,1550,1.0,No Info,9345
Jet Airways,2019-05-12,Banglore,Delhi,08:20:00,11:20:00,180,0.0,No Info,7229
Air India,2019-03-06,Delhi,Cochin,17:15:00,09:25:00,970,2.0,No Info,9417
Jet Airways,2019-03-18,Banglore,New Delhi,11:40:00,20:20:00,520,1.0,No Info,13555
Air India,2019-05-18,Delhi,Cochin,10:55:00,19:15:00,500,2.0,No Info,13486
Air India,2019-05-18,Kolkata,Banglore,12:00:00,11:10:00,1390,2.0,No Info,10676
Vistara,2019-05-01,Kolkata,Banglore,17:00:00,09:05:00,965,1.0,No Info,8452
Jet Airways,2019-03-15,Mumbai,Hyderabad,02:55:00,04:25:00,90,0.0,In-flight meal not included,2071
Multiple Carriers,2019-03-21,Delhi,Cochin,07:30:00,18:50:00,680,1.0,No Info,14629
Spicejet,2019-05-21,Mumbai,Hyderabad,05:45:00,07:15:00,90,0.0,No check-in baggage included,1965
Indigo,2019-04-15,Banglore,Delhi,06:05:00,08:50:00,165,0.0,No Info,4423
Indigo,2019-05-21,Chennai,Kolkata,19:35:00,21:55:00,140,0.0,No Info,3597
Jet Airways,2019-05-09,Kolkata,Banglore,08:25:00,16:20:00,475,1.0,No Info,13941
Jet Airways,2019-06-27,Delhi,Cochin,17:30:00,12:35:00,1145,1.0,In-flight meal not included,10262
Indigo,2019-03-12,Chennai,Kolkata,22:05:00,00:30:00,145,0.0,No Info,6297
Indigo,2019-05-06,Kolkata,Banglore,17:15:00,19:50:00,155,0.0,No Info,4804
Air India,2019-06-09,Banglore,Delhi,21:05:00,23:55:00,170,0.0,No Info,5228
Jet Airways,2019-06-12,Kolkata,Banglore,09:35:00,22:05:00,750,1.0,No Info,12692
Air India,2019-03-03,Banglore,New Delhi,06:55:00,13:20:00,385,1.0,No Info,10924
Goair,2019-03-15,Banglore,New Delhi,07:45:00,10:40:00,175,0.0,No Info,5706
Indigo,2019-04-15,Kolkata,Banglore,09:35:00,12:20:00,165,0.0,No Info,4174
Multiple Carriers,2019-06-27,Delhi,Cochin,17:45:00,01:30:00,465,1.0,In-flight meal not included,5797
Indigo,2019-03-12,Chennai,Kolkata,07:55:00,10:15:00,140,0.0,No Info,6297
Goair,2019-04-24,Banglore,Delhi,11:40:00,14:30:00,170,0.0,No Info,3898
Jet Airways,2019-04-01,Kolkata,Banglore,06:30:00,23:35:00,1025,1.0,In-flight meal not included,7064
Jet Airways,2019-06-09,Kolkata,Banglore,17:00:00,21:05:00,1685,1.0,In-flight meal not included,10539
Jet Airways,2019-03-21,Banglore,New Delhi,19:55:00,22:35:00,160,0.0,No Info,7229
Indigo,2019-06-03,Delhi,Cochin,02:00:00,07:45:00,345,1.0,No Info,6386
Goair,2019-06-06,Kolkata,Banglore,23:30:00,07:45:00,495,1.0,No Info,6686
Jet Airways,2019-03-21,Delhi,Cochin,19:10:00,04:25:00,1995,2.0,In-flight meal not included,8834
Jet Airways,2019-06-27,Delhi,Cochin,18:20:00,19:00:00,1480,2.0,No Info,14300
Jet Airways,2019-03-27,Delhi,Cochin,16:00:00,04:25:00,745,1.0,In-flight meal not included,6540
Air India,2019-05-01,Kolkata,Banglore,10:00:00,05:25:00,1165,2.0,No Info,13899
Spicejet,2019-04-06,Banglore,Delhi,09:30:00,12:20:00,170,0.0,No check-in baggage included,4319
Spicejet,2019-05-12,Mumbai,Hyderabad,05:45:00,07:15:00,90,0.0,No check-in baggage included,1965
Jet Airways,2019-03-03,Delhi,Cochin,09:55:00,18:50:00,535,1.0,No Info,18550
Vistara,2019-06-09,Kolkata,Banglore,20:20:00,18:50:00,1350,1.0,No Info,8610
Air India,2019-05-18,Delhi,Cochin,07:05:00,09:25:00,1580,2.0,No Info,10975
Air India,2019-05-24,Kolkata,Banglore,14:35:00,14:35:00,1440,1.0,No Info,6528
Multiple Carriers,2019-06-06,Delhi,Cochin,09:45:00,16:10:00,385,1.0,No Info,9646
Jet Airways,2019-06-12,Delhi,Cochin,08:10:00,12:35:00,1705,2.0,No Info,14300
Jet Airways,2019-03-06,Banglore,New Delhi,21:25:00,09:30:00,725,1.0,No Info,17261
Air India,2019-04-01,Banglore,Delhi,13:20:00,16:10:00,170,0.0,No Info,5911
Indigo,2019-05-03,Mumbai,Hyderabad,09:10:00,10:40:00,90,0.0,No Info,5755
Indigo,2019-04-12,Kolkata,Banglore,15:15:00,17:45:00,150,0.0,No Info,4174
Indigo,2019-03-27,Chennai,Kolkata,19:35:00,21:55:00,140,0.0,No Info,3858
Jet Airways,2019-05-09,Delhi,Cochin,15:00:00,04:25:00,805,1.0,In-flight meal not included,12373
Indigo,2019-05-15,Kolkata,Banglore,22:15:00,00:50:00,155,0.0,No Info,4804
Jet Airways,2019-06-03,Banglore,Delhi,07:10:00,10:10:00,180,0.0,In-flight meal not included,5769
Indigo,2019-03-09,Kolkata,Banglore,09:35:00,12:20:00,165,0.0,No Info,4148
Multiple Carriers,2019-03-21,Delhi,Cochin,10:00:00,21:00:00,660,1.0,In-flight meal not included,8085
Multiple Carriers,2019-03-06,Delhi,Cochin,02:15:00,13:20:00,665,1.0,No Info,17057
Indigo,2019-03-24,Banglore,New Delhi,18:25:00,21:20:00,175,0.0,No Info,7303
Multiple Carriers,2019-06-06,Delhi,Cochin,14:55:00,22:30:00,455,1.0,No Info,7038
Indigo,2019-06-15,Banglore,Delhi,06:05:00,08:50:00,165,0.0,No Info,4423
Spicejet,2019-06-12,Banglore,Delhi,05:55:00,08:35:00,160,0.0,No Info,4423
Jet Airways,2019-06-12,Kolkata,Banglore,18:55:00,23:35:00,1720,1.0,In-flight meal not included,8529
Jet Airways,2019-05-12,Kolkata,Banglore,18:55:00,16:20:00,1285,1.0,In-flight meal not included,10844
Spicejet,2019-04-03,Delhi,Cochin,08:45:00,13:15:00,270,1.0,No check-in baggage included,4098
Jet Airways,2019-06-01,Delhi,Cochin,18:15:00,04:25:00,610,1.0,In-flight meal not included,10262
Indigo,2019-04-06,Banglore,Delhi,10:30:00,13:20:00,170,0.0,No Info,4423
Indigo,2019-05-27,Kolkata,Banglore,15:15:00,17:45:00,150,0.0,No Info,4804
Vistara,2019-06-24,Delhi,Cochin,14:40:00,17:50:00,190,0.0,No Info,6216
Air India,2019-03-27,Delhi,Cochin,13:05:00,07:40:00,1115,2.0,No Info,8875
Jet Airways,2019-06-12,Banglore,Delhi,18:55:00,22:00:00,185,0.0,In-flight meal not included,5769
Jet Airways,2019-06-27,Delhi,Cochin,07:05:00,19:00:00,715,1.0,In-flight meal not included,10262
Air India,2019-03-01,Banglore,New Delhi,10:30:00,22:55:00,745,1.0,No Info,11003
Jet Airways,2019-03-01,Banglore,New Delhi,08:55:00,15:15:00,380,1.0,No Info,26890
Multiple Carriers,2019-03-21,Delhi,Cochin,15:15:00,01:35:00,620,1.0,No Info,7695
Jet Airways,2019-05-18,Mumbai,Hyderabad,02:55:00,04:20:00,85,0.0,No Info,5678
Air Asia,2019-05-09,Delhi,Cochin,16:45:00,07:10:00,865,1.0,No Info,7353
Indigo,2019-05-06,Banglore,Delhi,10:10:00,13:00:00,170,0.0,No Info,3943
Air Asia,2019-04-09,Banglore,Delhi,04:55:00,07:45:00,170,0.0,No Info,4282
Jet Airways,2019-06-15,Mumbai,Hyderabad,19:35:00,21:05:00,90,0.0,No Info,5678
Jet Airways,2019-04-01,Kolkata,Banglore,06:30:00,22:35:00,965,1.0,In-flight meal not included,7064
Multiple Carriers,2019-06-24,Delhi,Cochin,17:50:00,01:30:00,460,2.0,No Info,18275
Jet Airways,2019-03-27,Delhi,Cochin,16:00:00,19:45:00,1665,1.0,In-flight meal not included,5963
Jet Airways,2019-05-12,Kolkata,Banglore,09:35:00,22:05:00,750,1.0,No Info,14151
Jet Airways,2019-06-24,Mumbai,Hyderabad,08:45:00,10:15:00,90,0.0,No Info,8040
Spicejet,2019-05-09,Kolkata,Banglore,09:00:00,11:25:00,145,0.0,No check-in baggage included,3841
Multiple Carriers,2019-06-12,Delhi,Cochin,10:20:00,19:00:00,520,1.0,No Info,11789
Jet Airways,2019-05-15,Kolkata,Banglore,09:35:00,19:10:00,575,1.0,No Info,13067
Jet Airways,2019-06-12,Kolkata,Banglore,20:00:00,08:15:00,735,1.0,In-flight meal not included,8529
Jet Airways,2019-03-03,Mumbai,Hyderabad,07:10:00,08:35:00,85,0.0,No Info,5678
Air India,2019-06-06,Delhi,Cochin,12:55:00,19:15:00,1820,2.0,No Info,12646
Jet Airways,2019-03-18,Banglore,New Delhi,11:40:00,09:30:00,1310,1.0,In-flight meal not included,11087
Indigo,2019-06-03,Banglore,Delhi,01:30:00,04:15:00,165,0.0,No Info,3943
Jet Airways,2019-06-06,Kolkata,Banglore,09:35:00,23:35:00,840,1.0,No Info,14151
Jet Airways,2019-06-06,Delhi,Cochin,14:00:00,19:00:00,300,1.0,In-flight meal not included,10262
Multiple Carriers,2019-06-12,Delhi,Cochin,10:00:00,01:30:00,930,1.0,No Info,13377
Jet Airways,2019-05-15,Kolkata,Banglore,20:25:00,14:25:00,1080,1.0,No Info,11467
Vistara,2019-05-27,Delhi,Cochin,06:00:00,09:10:00,190,0.0,No Info,6216
Indigo,2019-05-03,Kolkata,Banglore,21:25:00,00:05:00,160,0.0,No Info,4804
Jet Airways,2019-05-24,Kolkata,Banglore,20:00:00,19:50:00,1430,1.0,In-flight meal not included,10844
Indigo,2019-03-03,Banglore,New Delhi,18:25:00,21:20:00,175,0.0,No Info,8855
Jet Airways,2019-06-09,Banglore,Delhi,11:10:00,14:05:00,175,0.0,In-flight meal not included,7229
Indigo,2019-04-09,Delhi,Cochin,07:30:00,21:00:00,810,1.0,No Info,6093
Indigo,2019-03-09,Banglore,New Delhi,10:30:00,13:20:00,170,0.0,No Info,6860
Jet Airways,2019-05-15,Kolkata,Banglore,16:30:00,22:35:00,365,1.0,No Info,14781
Air India,2019-05-03,Banglore,Delhi,10:00:00,12:45:00,165,0.0,No Info,6121
Jet Airways,2019-06-09,Delhi,Cochin,05:30:00,04:25:00,1375,2.0,No Info,13292
Spicejet,2019-05-15,Chennai,Kolkata,17:45:00,20:05:00,140,0.0,No Info,3597
Jet Airways,2019-03-27,Delhi,Cochin,19:45:00,04:25:00,520,1.0,In-flight meal not included,6540
Air India,2019-03-01,Banglore,New Delhi,11:50:00,08:55:00,1265,1.0,1 Long layover,14594
Indigo,2019-06-01,Banglore,Delhi,04:00:00,06:50:00,170,0.0,No Info,3943
Jet Airways,2019-05-06,Kolkata,Banglore,20:25:00,23:35:00,1630,1.0,No Info,10953
Jet Airways,2019-06-09,Mumbai,Hyderabad,10:20:00,11:50:00,90,0.0,No Info,5678
Multiple Carriers,2019-05-18,Delhi,Cochin,11:30:00,21:00:00,570,1.0,No Info,13727
Indigo,2019-03-03,Chennai,Kolkata,13:20:00,15:35:00,135,0.0,No Info,7295
Jet Airways,2019-05-18,Kolkata,Banglore,18:55:00,19:50:00,1495,1.0,In-flight meal not included,10844
Jet Airways,2019-06-06,Kolkata,Banglore,08:25:00,16:20:00,475,1.0,In-flight meal not included,10844
Spicejet,2019-05-15,Mumbai,Hyderabad,22:45:00,00:15:00,90,0.0,No check-in baggage included,1965
Jet Airways,2019-03-06,Delhi,Cochin,22:20:00,04:25:00,365,1.0,No Info,15764
Indigo,2019-04-27,Delhi,Cochin,05:05:00,12:10:00,425,1.0,No Info,7160
Goair,2019-06-24,Delhi,Cochin,14:25:00,19:35:00,310,1.0,No Info,7870
Multiple Carriers,2019-06-24,Delhi,Cochin,19:00:00,01:30:00,390,1.0,No Info,7198
Indigo,2019-03-09,Kolkata,Banglore,17:15:00,19:55:00,160,0.0,No Info,4778
Air India,2019-03-18,Banglore,New Delhi,17:25:00,10:35:00,1030,2.0,No Info,12568
Jet Airways,2019-05-21,Delhi,Cochin,23:05:00,04:25:00,1760,2.0,No Info,15129
Multiple Carriers,2019-05-15,Delhi,Cochin,08:00:00,21:00:00,780,1.0,No Info,13937
Indigo,2019-06-27,Delhi,Cochin,16:00:00,01:30:00,570,1.0,No Info,6316
Air India,2019-05-27,Delhi,Cochin,22:00:00,19:15:00,1275,2.0,No Info,10231
Jet Airways,2019-06-09,Delhi,Cochin,15:00:00,04:25:00,805,1.0,In-flight meal not included,10262
Jet Airways,2019-05-21,Kolkata,Banglore,06:30:00,16:20:00,590,1.0,No Info,14781
Jet Airways,2019-05-18,Mumbai,Hyderabad,10:20:00,11:50:00,90,0.0,No Info,5678
Jet Airways,2019-06-01,Delhi,Cochin,14:00:00,19:00:00,300,1.0,No Info,14714
Spicejet,2019-06-24,Kolkata,Banglore,09:00:00,11:25:00,145,0.0,No Info,3873
Vistara,2019-06-18,Banglore,Delhi,09:45:00,12:35:00,170,0.0,No Info,4668
Spicejet,2019-05-12,Kolkata,Banglore,15:05:00,20:20:00,315,1.0,No Info,4649
Jet Airways,2019-05-15,Kolkata,Banglore,06:30:00,18:15:00,705,1.0,In-flight meal not included,10844
Multiple Carriers,2019-05-15,Delhi,Cochin,10:35:00,19:15:00,520,1.0,No Info,7575
Indigo,2019-03-15,Banglore,New Delhi,23:30:00,02:20:00,170,0.0,No Info,8033
Indigo,2019-05-27,Delhi,Cochin,18:35:00,01:30:00,415,1.0,No Info,6628
Air India,2019-03-03,Delhi,Cochin,18:05:00,21:10:00,185,0.0,No Info,8666
Indigo,2019-06-01,Banglore,Delhi,07:10:00,10:05:00,175,0.0,No Info,4823
Air India,2019-05-27,Chennai,Kolkata,11:40:00,13:55:00,135,0.0,No Info,4667
Indigo,2019-03-27,Delhi,Cochin,10:45:00,01:35:00,890,1.0,No Info,6628
Jet Airways,2019-05-27,Delhi,Cochin,09:00:00,12:35:00,1655,1.0,In-flight meal not included,12898
Indigo,2019-03-24,Kolkata,Banglore,17:35:00,22:15:00,280,1.0,No Info,6933
Multiple Carriers,2019-03-03,Delhi,Cochin,08:00:00,15:30:00,450,1.0,No Info,15078
Vistara,2019-05-24,Kolkata,Banglore,07:10:00,23:25:00,975,1.0,No Info,9345
Jet Airways,2019-05-27,Delhi,Cochin,02:15:00,19:00:00,1005,1.0,No Info,16079
Multiple Carriers,2019-06-12,Delhi,Cochin,17:50:00,01:30:00,460,2.0,No Info,18275
Jet Airways,2019-05-21,Kolkata,Banglore,18:55:00,19:50:00,1495,1.0,In-flight meal not included,10844
Air Asia,2019-06-06,Banglore,Delhi,04:55:00,07:45:00,170,0.0,No Info,4282
Indigo,2019-06-18,Kolkata,Banglore,04:40:00,07:15:00,155,0.0,No Info,4804
Vistara,2019-03-12,Mumbai,Hyderabad,19:45:00,19:55:00,1450,1.0,No Info,12080
Jet Airways,2019-06-12,Kolkata,Banglore,20:25:00,18:00:00,1295,1.0,No Info,12692
Jet Airways,2019-05-09,Delhi,Cochin,19:30:00,04:25:00,535,2.0,In-flight meal not included,13029
Indigo,2019-04-03,Delhi,Cochin,02:00:00,07:25:00,325,1.0,No Info,4744
Jet Airways,2019-06-27,Delhi,Cochin,21:50:00,12:35:00,885,1.0,In-flight meal not included,10262
Jet Airways,2019-03-27,Delhi,Cochin,20:50:00,04:25:00,455,1.0,No Info,12242
Indigo,2019-06-09,Delhi,Cochin,05:05:00,16:10:00,665,1.0,No Info,6600
Jet Airways,2019-05-18,Kolkata,Banglore,09:35:00,10:55:00,1520,1.0,No Info,14151
Indigo,2019-05-09,Delhi,Cochin,17:10:00,01:30:00,500,1.0,No Info,8330
Spicejet,2019-06-01,Kolkata,Banglore,22:20:00,00:40:00,140,0.0,No Info,3873
Indigo,2019-06-21,Banglore,Delhi,04:00:00,06:50:00,170,0.0,No Info,3943
Jet Airways,2019-05-18,Delhi,Cochin,13:00:00,12:35:00,1415,1.0,In-flight meal not included,12373
Air India,2019-06-27,Delhi,Cochin,19:45:00,19:15:00,1410,2.0,No Info,9653
Air India,2019-04-06,Banglore,Delhi,17:00:00,19:45:00,165,0.0,No Info,4651
Jet Airways,2019-05-18,Kolkata,Banglore,11:50:00,17:35:00,345,1.0,No Info,8781
Jet Airways,2019-03-24,Kolkata,Banglore,21:10:00,23:25:00,1575,1.0,No Info,13759
Multiple Carriers,2019-03-03,Delhi,Cochin,07:05:00,16:10:00,545,1.0,No Info,7905
Jet Airways,2019-06-24,Delhi,Cochin,11:40:00,19:00:00,440,2.0,No Info,18804
Indigo,2019-05-18,Delhi,Cochin,08:35:00,22:30:00,835,1.0,No Info,7144
Indigo,2019-05-12,Delhi,Cochin,21:05:00,00:20:00,195,0.0,No Info,8626
Indigo,2019-04-27,Delhi,Cochin,05:05:00,16:10:00,665,1.0,No Info,6171
Jet Airways,2019-03-24,Kolkata,Banglore,16:55:00,16:20:00,1405,1.0,In-flight meal not included,11134
Vistara,2019-05-03,Banglore,Delhi,21:00:00,23:50:00,170,0.0,No Info,5613
Indigo,2019-03-24,Chennai,Kolkata,22:05:00,00:25:00,140,0.0,No Info,5277
Jet Airways,2019-06-06,Kolkata,Banglore,21:10:00,08:15:00,665,1.0,In-flight meal not included,10844
Indigo,2019-04-15,Delhi,Cochin,16:00:00,21:00:00,300,1.0,No Info,5947
Air India,2019-05-18,Delhi,Cochin,23:00:00,07:40:00,520,1.0,No Info,8372
Indigo,2019-06-21,Mumbai,Hyderabad,06:25:00,07:55:00,90,0.0,No Info,4049
Indigo,2019-05-12,Mumbai,Hyderabad,12:00:00,13:30:00,90,0.0,No Info,2754
Jet Airways,2019-05-21,Delhi,Cochin,13:00:00,19:00:00,360,1.0,No Info,16079
Indigo,2019-06-06,Delhi,Cochin,14:20:00,22:30:00,490,1.0,No Info,6938
Jet Airways,2019-06-12,Delhi,Cochin,19:45:00,19:00:00,1395,1.0,In-flight meal not included,10262
Indigo,2019-06-01,Chennai,Kolkata,05:15:00,07:40:00,145,0.0,No Info,3540
Jet Airways,2019-06-01,Delhi,Cochin,19:15:00,04:25:00,550,1.0,No Info,14714
Multiple Carriers,2019-06-09,Delhi,Cochin,04:55:00,12:35:00,460,1.0,No Info,10877
Air India,2019-04-09,Delhi,Cochin,08:00:00,19:15:00,675,1.0,No Info,6377
Air India,2019-03-01,Banglore,New Delhi,10:30:00,11:20:00,1490,1.0,No Info,11528
Indigo,2019-03-15,Banglore,New Delhi,16:15:00,20:35:00,260,1.0,No Info,5607
Spicejet,2019-05-09,Mumbai,Hyderabad,13:15:00,14:45:00,90,0.0,No check-in baggage included,2175
Air India,2019-03-06,Delhi,Cochin,13:05:00,09:25:00,1220,2.0,No Info,12865
Jet Airways,2019-05-09,Kolkata,Banglore,20:00:00,04:40:00,520,1.0,No Info,13941
Jet Airways,2019-06-12,Banglore,Delhi,15:15:00,18:10:00,175,0.0,In-flight meal not included,5769
Jet Airways,2019-05-24,Kolkata,Banglore,06:30:00,16:20:00,590,1.0,In-flight meal not included,10844
Multiple Carriers,2019-05-27,Delhi,Cochin,16:00:00,01:30:00,570,1.0,In-flight meal not included,7308
Multiple Carriers,2019-06-12,Delhi,Cochin,13:00:00,01:30:00,750,1.0,No Info,7198
Multiple Carriers,2019-05-21,Delhi,Cochin,06:40:00,19:15:00,755,1.0,No Info,7787
Air India,2019-04-24,Delhi,Cochin,18:05:00,21:10:00,185,0.0,No Info,5201
Jet Airways,2019-03-06,Banglore,New Delhi,21:25:00,11:25:00,840,1.0,No Info,17261
Jet Airways,2019-06-09,Banglore,Delhi,06:00:00,08:45:00,165,0.0,In-flight meal not included,7229
Indigo,2019-03-06,Delhi,Cochin,11:55:00,22:20:00,625,1.0,No Info,6442
Jet Airways,2019-05-21,Kolkata,Banglore,06:30:00,18:15:00,705,1.0,No Info,14781
Spicejet,2019-05-27,Delhi,Cochin,17:55:00,22:50:00,295,1.0,No Info,5673
Air India,2019-05-01,Kolkata,Banglore,05:50:00,16:15:00,2065,2.0,No Info,10991
Indigo,2019-03-24,Banglore,New Delhi,18:55:00,21:45:00,170,0.0,No Info,7303
Jet Airways,2019-05-15,Banglore,Delhi,18:55:00,22:00:00,185,0.0,No Info,7229
Goair,2019-06-27,Delhi,Cochin,14:25:00,19:35:00,310,1.0,No Info,7870
Indigo,2019-04-15,Kolkata,Banglore,15:15:00,20:05:00,290,1.0,No Info,4775
Indigo,2019-06-03,Banglore,Delhi,08:30:00,11:20:00,170,0.0,No Info,4823
Jet Airways,2019-03-09,Delhi,Cochin,10:45:00,04:25:00,1060,2.0,In-flight meal not included,15654
Jet Airways,2019-05-01,Kolkata,Banglore,17:00:00,23:35:00,395,1.0,No Info,13067
Indigo,2019-06-06,Banglore,Delhi,13:00:00,15:50:00,170,0.0,No Info,3943
Jet Airways,2019-03-06,Banglore,New Delhi,22:50:00,20:20:00,1290,1.0,No Info,17471
Air India,2019-05-06,Banglore,Delhi,21:05:00,23:55:00,170,0.0,No Info,5228
Indigo,2019-03-03,Delhi,Cochin,09:55:00,15:10:00,315,1.0,No Info,12214
Air India,2019-05-24,Kolkata,Banglore,05:50:00,13:15:00,445,2.0,No Info,7662
Indigo,2019-03-18,Mumbai,Hyderabad,20:05:00,21:35:00,90,0.0,No Info,2227
Indigo,2019-03-24,Banglore,New Delhi,16:55:00,19:45:00,170,0.0,No Info,7303
Multiple Carriers,2019-06-06,Delhi,Cochin,12:50:00,19:15:00,385,1.0,No Info,8266
Jet Airways,2019-06-06,Delhi,Cochin,14:35:00,04:25:00,830,2.0,In-flight meal not included,10919
Spicejet,2019-03-27,Chennai,Kolkata,09:30:00,12:05:00,155,0.0,No check-in baggage included,3332
Multiple Carriers,2019-06-15,Delhi,Cochin,09:00:00,19:00:00,600,1.0,No Info,12717
Multiple Carriers,2019-06-09,Delhi,Cochin,09:45:00,16:10:00,385,1.0,No Info,9646
Jet Airways,2019-05-01,Kolkata,Banglore,17:00:00,09:45:00,1005,1.0,In-flight meal not included,9314
Jet Airways,2019-03-24,Mumbai,Hyderabad,19:35:00,21:05:00,90,0.0,In-flight meal not included,2470
Indigo,2019-05-21,Delhi,Cochin,23:30:00,04:35:00,305,1.0,No Info,8745
Air Asia,2019-04-27,Banglore,Delhi,23:55:00,02:45:00,170,0.0,No Info,3383
Jet Airways,2019-06-09,Delhi,Cochin,13:00:00,04:25:00,925,1.0,In-flight meal not included,10262
Jet Airways,2019-06-24,Delhi,Cochin,14:00:00,12:35:00,1355,1.0,In-flight meal not included,10262
Jet Airways,2019-03-06,Banglore,New Delhi,08:55:00,05:05:00,1210,1.0,No Info,16736
Jet Airways,2019-05-09,Kolkata,Banglore,14:05:00,04:40:00,875,1.0,No Info,13941
Goair,2019-05-24,Banglore,Delhi,07:45:00,10:40:00,175,0.0,No Info,3419
Spicejet,2019-03-27,Kolkata,Banglore,17:15:00,19:45:00,150,0.0,No Info,3847
Indigo,2019-05-21,Delhi,Cochin,04:55:00,11:50:00,415,1.0,No Info,6794
Multiple Carriers,2019-05-18,Delhi,Cochin,08:00:00,19:00:00,660,1.0,No Info,10197
Indigo,2019-03-27,Mumbai,Hyderabad,21:20:00,22:45:00,85,0.0,No Info,2227
Jet Airways,2019-06-09,Kolkata,Banglore,21:10:00,18:15:00,1265,1.0,In-flight meal not included,10844
Jet Airways,2019-05-01,Kolkata,Banglore,17:00:00,14:25:00,1285,1.0,In-flight meal not included,9314
Indigo,2019-06-06,Delhi,Cochin,21:50:00,03:35:00,345,1.0,No Info,6195
Indigo,2019-03-24,Banglore,New Delhi,20:00:00,22:55:00,175,0.0,No Info,6144
Multiple Carriers,2019-06-03,Delhi,Cochin,12:50:00,21:00:00,490,1.0,No Info,7740
Air India,2019-04-03,Banglore,Delhi,17:00:00,19:45:00,165,0.0,No Info,5176
Vistara,2019-03-06,Mumbai,Hyderabad,21:55:00,22:55:00,1500,1.0,No Info,12395
Air India,2019-05-24,Kolkata,Banglore,09:25:00,11:10:00,1545,1.0,No Info,8891
Jet Airways,2019-05-18,Kolkata,Banglore,16:30:00,12:00:00,1170,1.0,In-flight meal not included,10844
Multiple Carriers,2019-03-06,Delhi,Cochin,08:55:00,18:50:00,595,1.0,No Info,15411
Jet Airways,2019-04-12,Banglore,Delhi,18:55:00,22:00:00,185,0.0,No Info,7229
Jet Airways,2019-03-21,Delhi,Cochin,02:15:00,18:50:00,995,1.0,No Info,12719
Multiple Carriers,2019-05-15,Delhi,Cochin,03:50:00,19:00:00,910,1.0,No Info,10197
Spicejet,2019-05-24,Kolkata,Banglore,17:10:00,19:40:00,150,0.0,No check-in baggage included,3841
Indigo,2019-06-27,Kolkata,Banglore,15:15:00,17:45:00,150,0.0,No Info,4804
Jet Airways,2019-06-24,Delhi,Cochin,16:00:00,19:00:00,1620,1.0,In-flight meal not included,10262
Air India,2019-05-06,Delhi,Cochin,09:45:00,09:25:00,1420,,No Info,7480
Jet Airways,2019-04-01,Kolkata,Banglore,16:30:00,16:20:00,1430,1.0,In-flight meal not included,7064
Air India,2019-05-21,Banglore,Delhi,05:45:00,08:45:00,180,0.0,No Info,6961
Air India,2019-04-01,Kolkata,Banglore,09:25:00,05:25:00,1200,2.0,No Info,12219
Spicejet,2019-03-24,Banglore,New Delhi,05:45:00,08:35:00,170,0.0,No check-in baggage included,3527
Jet Airways,2019-05-06,Kolkata,Banglore,17:00:00,22:05:00,1745,1.0,No Info,11467
Air Asia,2019-03-27,Delhi,Cochin,16:45:00,22:15:00,330,1.0,No Info,6151
Jet Airways,2019-05-01,Kolkata,Banglore,21:10:00,09:20:00,730,1.0,In-flight meal not included,10844
Jet Airways,2019-05-24,Kolkata,Banglore,14:05:00,22:35:00,510,1.0,No Info,14571
Jet Airways,2019-03-06,Banglore,New Delhi,05:45:00,11:25:00,340,1.0,No Info,19225
Indigo,2019-05-06,Mumbai,Hyderabad,21:20:00,22:50:00,90,0.0,No Info,2227
Jet Airways,2019-03-06,Delhi,Cochin,07:05:00,04:25:00,1280,1.0,No Info,17234
Goair,2019-03-09,Banglore,New Delhi,20:55:00,23:50:00,175,0.0,No Info,5706
Indigo,2019-06-15,Banglore,Delhi,18:25:00,21:20:00,175,0.0,No Info,4823
Jet Airways,2019-06-15,Delhi,Cochin,10:00:00,19:00:00,540,1.0,In-flight meal not included,10262
Indigo,2019-05-12,Kolkata,Banglore,20:20:00,22:55:00,155,0.0,No Info,4804
Indigo,2019-05-15,Kolkata,Banglore,20:20:00,22:55:00,155,0.0,No Info,4804
Jet Airways,2019-06-24,Delhi,Cochin,09:00:00,12:35:00,1655,1.0,In-flight meal not included,10262
Spicejet,2019-05-12,Banglore,Delhi,09:30:00,12:20:00,170,0.0,No Info,4423
Jet Airways,2019-03-24,Kolkata,Banglore,13:55:00,22:35:00,520,1.0,No Info,14231
Multiple Carriers,2019-03-03,Delhi,Cochin,08:00:00,15:30:00,450,1.0,No Info,17057
Multiple Carriers,2019-06-01,Delhi,Cochin,10:20:00,01:30:00,910,1.0,No Info,6795
Air India,2019-04-03,Mumbai,Hyderabad,13:55:00,15:25:00,90,0.0,No Info,2575
Multiple Carriers,2019-06-24,Delhi,Cochin,10:00:00,01:30:00,930,1.0,No Info,13377
Jet Airways,2019-06-27,Delhi,Cochin,09:00:00,12:35:00,1655,1.0,In-flight meal not included,10262
Jet Airways,2019-06-15,Banglore,Delhi,15:15:00,18:10:00,175,0.0,No Info,8016
Indigo,2019-03-24,Banglore,New Delhi,22:20:00,01:10:00,170,0.0,No Info,4377
Indigo,2019-06-06,Delhi,Cochin,09:15:00,21:00:00,705,1.0,No Info,6838
Air Asia,2019-05-15,Delhi,Cochin,20:45:00,07:10:00,625,1.0,No Info,6853
Spicejet,2019-04-01,Kolkata,Banglore,06:55:00,09:30:00,155,0.0,No check-in baggage included,3841
Air India,2019-03-03,Banglore,New Delhi,09:30:00,16:20:00,410,1.0,No Info,11654
Indigo,2019-03-09,Delhi,Cochin,02:00:00,07:45:00,345,1.0,No Info,7060
Indigo,2019-03-09,Banglore,New Delhi,16:50:00,21:35:00,285,1.0,No Info,10231
Spicejet,2019-05-12,Kolkata,Banglore,11:35:00,18:50:00,435,1.0,No Info,8479
Air India,2019-05-21,Kolkata,Banglore,16:45:00,08:55:00,970,2.0,No Info,14960
Jet Airways,2019-05-15,Kolkata,Banglore,21:10:00,10:05:00,775,1.0,In-flight meal not included,11841
Jet Airways,2019-06-12,Kolkata,Banglore,14:05:00,09:20:00,1155,1.0,In-flight meal not included,8529
Vistara,2019-05-21,Kolkata,Banglore,07:10:00,18:50:00,700,1.0,No Info,9345
Goair,2019-05-18,Delhi,Cochin,07:25:00,13:35:00,370,1.0,No Info,6296
Air India,2019-06-09,Delhi,Cochin,19:45:00,19:15:00,1410,2.0,No Info,9968
Jet Airways,2019-03-09,Banglore,New Delhi,07:00:00,20:20:00,800,1.0,In-flight meal not included,11087
Goair,2019-04-21,Delhi,Cochin,05:55:00,13:35:00,460,1.0,No Info,6146
Jet Airways,2019-03-24,Banglore,New Delhi,19:55:00,22:35:00,160,0.0,No Info,8016
Indigo,2019-06-09,Delhi,Cochin,17:05:00,22:15:00,310,1.0,No Info,6493
Air India,2019-05-15,Kolkata,Banglore,09:25:00,05:25:00,1200,2.0,No Info,14687
Multiple Carriers,2019-05-21,Delhi,Cochin,11:30:00,19:15:00,465,1.0,No Info,14848
Jet Airways,2019-03-12,Banglore,New Delhi,20:35:00,20:20:00,1425,1.0,In-flight meal not included,11087
Indigo,2019-06-24,Kolkata,Banglore,17:15:00,19:50:00,155,0.0,No Info,4804
Air India,2019-05-12,Kolkata,Banglore,14:35:00,14:35:00,1440,1.0,No Info,6528
Indigo,2019-03-27,Mumbai,Hyderabad,19:05:00,20:30:00,85,0.0,No Info,2754
Indigo,2019-05-06,Chennai,Kolkata,22:05:00,00:25:00,140,0.0,No Info,5277
Indigo,2019-05-27,Banglore,Delhi,20:00:00,22:50:00,170,0.0,No Info,4823
Indigo,2019-03-09,Delhi,Cochin,16:00:00,21:00:00,300,1.0,No Info,7725
Air Asia,2019-03-18,Kolkata,Banglore,19:35:00,22:05:00,150,0.0,No Info,4384
Jet Airways,2019-05-01,Kolkata,Banglore,06:30:00,12:00:00,330,1.0,No Info,14388
Jet Airways,2019-06-15,Delhi,Cochin,15:00:00,12:35:00,1295,1.0,In-flight meal not included,10262
Jet Airways,2019-05-09,Kolkata,Banglore,14:05:00,09:20:00,1155,1.0,In-flight meal not included,9663
Multiple Carriers,2019-05-18,Delhi,Cochin,13:00:00,19:15:00,375,1.0,No Info,14533
Multiple Carriers,2019-05-09,Delhi,Cochin,11:30:00,21:00:00,570,1.0,No Info,13727
Jet Airways,2019-04-09,Banglore,Delhi,17:45:00,20:45:00,180,0.0,In-flight meal not included,4544
Vistara,2019-05-09,Banglore,Delhi,09:45:00,12:35:00,170,0.0,No Info,4668
Jet Airways,2019-06-06,Kolkata,Banglore,14:05:00,23:35:00,570,1.0,In-flight meal not included,10844
Jet Airways,2019-04-15,Banglore,Delhi,15:15:00,18:10:00,175,0.0,In-flight meal not included,4544
Indigo,2019-04-09,Delhi,Cochin,10:35:00,01:30:00,895,1.0,No Info,6270
Vistara,2019-06-06,Kolkata,Banglore,17:00:00,18:50:00,1550,1.0,No Info,8820
Indigo,2019-03-27,Kolkata,Banglore,22:10:00,00:55:00,165,0.0,No Info,4148
Indigo,2019-05-18,Banglore,Delhi,07:10:00,10:05:00,175,0.0,No Info,4823
Air Asia,2019-06-06,Delhi,Cochin,16:45:00,07:10:00,865,1.0,No Info,11410
Air India,2019-05-18,Delhi,Cochin,17:40:00,23:00:00,320,1.0,No Info,8277
Jet Airways,2019-05-15,Banglore,Delhi,15:15:00,18:10:00,175,0.0,No Info,7229
Multiple Carriers,2019-05-09,Delhi,Cochin,17:45:00,01:30:00,465,1.0,No Info,9021
Vistara,2019-03-09,Banglore,New Delhi,16:00:00,18:35:00,155,0.0,No Info,7923
Jet Airways,2019-06-12,Kolkata,Banglore,06:30:00,12:00:00,330,1.0,No Info,13626
Multiple Carriers,2019-05-09,Delhi,Cochin,13:00:00,19:15:00,375,1.0,No Info,14323
Jet Airways,2019-06-27,Delhi,Cochin,22:50:00,19:00:00,1210,1.0,In-flight meal not included,10262
Jet Airways,2019-05-21,Kolkata,Banglore,06:30:00,12:00:00,330,1.0,No Info,14388
Jet Airways,2019-06-01,Delhi,Cochin,14:00:00,04:25:00,865,1.0,No Info,14714
Air India,2019-03-27,Delhi,Cochin,05:55:00,07:40:00,1545,2.0,No Info,8971
Indigo,2019-05-09,Kolkata,Banglore,20:20:00,22:55:00,155,0.0,No Info,4804
Indigo,2019-05-15,Delhi,Cochin,07:30:00,21:00:00,810,1.0,No Info,7191
Jet Airways,2019-06-12,Kolkata,Banglore,16:30:00,10:05:00,1055,1.0,In-flight meal not included,8529
Multiple Carriers,2019-03-21,Delhi,Cochin,10:20:00,01:35:00,915,1.0,No Info,7695
Goair,2019-03-09,Delhi,Cochin,06:00:00,13:20:00,440,1.0,No Info,8422
Multiple Carriers,2019-06-01,Delhi,Cochin,18:00:00,01:30:00,450,1.0,No Info,7933
Indigo,2019-04-01,Kolkata,Banglore,15:10:00,20:30:00,320,1.0,No Info,8567
Multiple Carriers,2019-05-09,Delhi,Cochin,07:05:00,22:30:00,925,1.0,No Info,8310
Jet Airways,2019-05-06,Kolkata,Banglore,14:05:00,12:00:00,1315,1.0,In-flight meal not included,9663
Multiple Carriers,2019-06-27,Delhi,Cochin,04:55:00,12:35:00,460,1.0,No Info,10678
Air India,2019-03-09,Delhi,Cochin,09:45:00,09:25:00,1420,2.0,No Info,10660
Jet Airways,2019-06-18,Banglore,Delhi,08:20:00,11:20:00,180,0.0,No Info,8016
Goair,2019-06-15,Kolkata,Banglore,15:20:00,17:55:00,155,0.0,No Info,3514
Multiple Carriers,2019-05-21,Delhi,Cochin,09:15:00,19:00:00,585,1.0,No Info,9627
Vistara,2019-03-12,Mumbai,Hyderabad,07:30:00,19:55:00,745,1.0,No Info,12080
Vistara,2019-05-06,Kolkata,Banglore,07:10:00,20:20:00,790,1.0,No Info,8610
Jet Airways,2019-04-21,Banglore,Delhi,18:55:00,22:00:00,185,0.0,In-flight meal not included,4544
Jet Airways,2019-06-24,Delhi,Cochin,21:50:00,04:25:00,395,1.0,In-flight meal not included,10262
Air India,2019-04-15,Banglore,Delhi,10:00:00,12:45:00,165,0.0,No Info,6121
Indigo,2019-04-15,Delhi,Cochin,06:50:00,12:10:00,320,1.0,No Info,5761
Jet Airways,2019-06-01,Delhi,Cochin,21:25:00,12:35:00,910,2.0,No Info,13292
Jet Airways,2019-05-21,Delhi,Cochin,14:00:00,19:00:00,300,1.0,No Info,16079
Indigo,2019-03-06,Delhi,Cochin,07:35:00,22:20:00,885,1.0,No Info,7094
Jet Airways,2019-06-09,Delhi,Cochin,22:50:00,19:00:00,1210,1.0,In-flight meal not included,10262
Jet Airways,2019-05-12,Kolkata,Banglore,16:30:00,23:35:00,425,1.0,No Info,14781
Air India,2019-05-18,Delhi,Cochin,10:00:00,07:40:00,1300,1.0,No Info,8372
Jet Airways,2019-03-09,Delhi,Cochin,06:50:00,04:25:00,1295,1.0,No Info,16289
Jet Airways,2019-03-21,Delhi,Cochin,10:20:00,18:50:00,1950,2.0,No Info,11664
Jet Airways,2019-04-01,Delhi,Cochin,09:00:00,12:35:00,1655,1.0,In-flight meal not included,5406
Spicejet,2019-06-06,Banglore,Delhi,21:10:00,00:05:00,175,0.0,No Info,3311
Air India,2019-03-15,Banglore,New Delhi,11:50:00,08:55:00,1265,1.0,No Info,5932
Multiple Carriers,2019-05-24,Delhi,Cochin,19:00:00,01:30:00,390,1.0,No Info,8283
Multiple Carriers,2019-06-15,Delhi,Cochin,08:30:00,19:00:00,630,1.0,No Info,11200
Jet Airways,2019-05-01,Kolkata,Banglore,14:05:00,23:35:00,570,1.0,No Info,14781
Jet Airways,2019-06-12,Delhi,Cochin,14:00:00,19:00:00,300,1.0,In-flight meal not included,10262
Air India,2019-06-15,Kolkata,Banglore,20:45:00,23:20:00,155,0.0,No Info,4145
Jet Airways,2019-06-12,Kolkata,Banglore,20:25:00,09:45:00,800,1.0,In-flight meal not included,10539
Jet Airways,2019-06-24,Delhi,Cochin,21:25:00,12:35:00,910,2.0,In-flight meal not included,10199
Jet Airways,2019-05-01,Kolkata,Banglore,08:25:00,12:00:00,1655,1.0,In-flight meal not included,9663
Air India,2019-06-12,Kolkata,Banglore,05:50:00,08:55:00,1625,2.0,No Info,12723
Spicejet,2019-06-09,Mumbai,Hyderabad,22:45:00,00:15:00,90,0.0,No check-in baggage included,1965
Jet Airways,2019-03-21,Delhi,Cochin,09:40:00,04:25:00,2565,2.0,No Info,12819
Jet Airways,2019-05-09,Kolkata,Banglore,08:25:00,18:15:00,590,1.0,No Info,14781
Jet Airways,2019-05-24,Kolkata,Banglore,16:30:00,18:15:00,1545,1.0,In-flight meal not included,10844
Jet Airways,2019-06-15,Delhi,Cochin,13:00:00,19:00:00,360,1.0,In-flight meal not included,10262
Spicejet,2019-06-27,Banglore,Delhi,05:55:00,08:35:00,160,0.0,No Info,3625
Air India,2019-03-01,Banglore,New Delhi,10:30:00,17:45:00,435,2.0,Change airports,17461
Air India,2019-05-09,Delhi,Cochin,05:15:00,19:15:00,2280,3.0,No Info,10703
Air India,2019-03-15,Banglore,New Delhi,13:50:00,22:10:00,500,1.0,No Info,9166
Indigo,2019-05-09,Delhi,Cochin,02:00:00,07:25:00,325,1.0,No Info,6582
Jet Airways,2019-05-09,Kolkata,Banglore,14:05:00,18:15:00,1690,1.0,In-flight meal not included,7757
Trujet,2019-03-06,Mumbai,Hyderabad,13:05:00,16:20:00,195,1.0,No Info,4140
Jet Airways,2019-03-15,Mumbai,Hyderabad,07:10:00,08:35:00,85,0.0,No Info,8040
Air India,2019-06-09,Kolkata,Banglore,12:00:00,13:15:00,1515,1.0,No Info,7662
Indigo,2019-03-09,Banglore,New Delhi,20:00:00,22:55:00,175,0.0,No Info,6144
Jet Airways,2019-04-09,Banglore,Delhi,11:10:00,14:05:00,175,0.0,In-flight meal not included,4544
Indigo,2019-05-06,Kolkata,Banglore,06:20:00,10:20:00,240,1.0,No Info,4226
Jet Airways,2019-06-09,Kolkata,Banglore,08:25:00,16:20:00,475,1.0,In-flight meal not included,10844
Vistara,2019-03-24,Kolkata,Banglore,09:55:00,09:10:00,1395,1.0,No Info,10842
Spicejet,2019-04-21,Banglore,Delhi,05:55:00,08:35:00,160,0.0,No Info,4423
Jet Airways,2019-05-03,Banglore,Delhi,08:20:00,11:20:00,180,0.0,In-flight meal not included,5198
Air India,2019-05-18,Kolkata,Banglore,10:00:00,01:20:00,920,2.0,No Info,13243
Indigo,2019-06-03,Kolkata,Banglore,14:25:00,16:55:00,150,0.0,No Info,5644
Indigo,2019-03-03,Delhi,Cochin,07:30:00,15:30:00,480,1.0,No Info,14871
Multiple Carriers,2019-06-01,Delhi,Cochin,09:15:00,19:15:00,600,1.0,No Info,9779
Jet Airways,2019-05-18,Delhi,Cochin,14:00:00,19:00:00,300,1.0,No Info,15554
Spicejet,2019-04-03,Kolkata,Banglore,22:20:00,00:40:00,140,0.0,No Info,3873
Indigo,2019-06-09,Kolkata,Banglore,20:20:00,22:55:00,155,0.0,No Info,4804
Jet Airways,2019-05-06,Kolkata,Banglore,06:30:00,10:05:00,1655,1.0,In-flight meal not included,8586
Indigo,2019-06-03,Banglore,Delhi,18:25:00,21:20:00,175,0.0,No Info,4823
Jet Airways,2019-06-12,Kolkata,Banglore,21:10:00,10:05:00,775,1.0,No Info,13044
Spicejet,2019-03-15,Kolkata,Banglore,22:20:00,00:40:00,140,0.0,No check-in baggage included,3815
Jet Airways,2019-06-09,Delhi,Cochin,09:40:00,19:00:00,560,2.0,No Info,13014
Indigo,2019-03-09,Banglore,New Delhi,06:00:00,08:45:00,165,0.0,No Info,7648
Multiple Carriers,2019-06-09,Delhi,Cochin,06:40:00,19:00:00,740,1.0,No Info,10877
Air Asia,2019-06-03,Banglore,Delhi,11:10:00,13:55:00,165,0.0,No Info,4483
Air India,2019-03-24,Mumbai,Hyderabad,06:20:00,07:40:00,80,0.0,No Info,2575
Indigo,2019-04-15,Kolkata,Banglore,06:20:00,10:30:00,250,1.0,No Info,4226
Air India,2019-03-24,Kolkata,Banglore,09:25:00,05:35:00,1210,2.0,No Info,11774
Spicejet,2019-04-01,Kolkata,Banglore,08:35:00,17:15:00,520,1.0,No Info,6013
Jet Airways,2019-03-21,Banglore,New Delhi,08:55:00,07:40:00,1365,1.0,In-flight meal not included,7412
Indigo,2019-03-09,Chennai,Kolkata,05:15:00,07:35:00,140,0.0,No Info,6482
Spicejet,2019-05-24,Chennai,Kolkata,17:45:00,20:05:00,140,0.0,No Info,3597
Indigo,2019-06-12,Mumbai,Hyderabad,01:40:00,03:10:00,90,0.0,No Info,2754
Spicejet,2019-05-15,Kolkata,Banglore,06:55:00,09:30:00,155,0.0,No check-in baggage included,3841
Jet Airways,2019-05-12,Kolkata,Banglore,20:00:00,09:20:00,800,1.0,No Info,14388
